{"cameraMode":{"drawMode":0,"name":"Shaded","section":"Shading Mode"},"sceneLighting":true,"audioPlay":false,"sceneViewState":{"showFog":true,"showMaterialUpdate":false,"showSkybox":false,"showFlares":true,"showImageEffects":true,"showParticleSystems":true},"in2DMode":false,"pivot":{"x":-0.24996352195739747,"y":-0.2715027928352356,"z":-1.7399179935455323},"rotation":{"x":-0.005617754999548197,"y":0.993476390838623,"z":-0.09898773580789566,"w":-0.05638968572020531},"size":1.32794189453125,"orthographic":false}