{"cameraMode":{"drawMode":0,"name":"Shaded","section":"Shading Mode"},"sceneLighting":false,"audioPlay":false,"sceneViewState":{"showFog":true,"showMaterialUpdate":false,"showSkybox":false,"showFlares":true,"showImageEffects":true,"showParticleSystems":true},"in2DMode":false,"pivot":{"x":5.727088928222656,"y":-1.8349432945251465,"z":-0.9603300094604492},"rotation":{"x":-0.27413618564605715,"y":0.6889955997467041,"z":-0.3204265236854553,"w":-0.589460015296936},"size":16.467208862304689,"orthographic":false}