{"cameraMode":{"drawMode":0,"name":"Shaded","section":"Shading Mode"},"sceneLighting":false,"audioPlay":false,"sceneViewState":{"showFog":true,"showMaterialUpdate":false,"showSkybox":false,"showFlares":true,"showImageEffects":true,"showParticleSystems":true},"in2DMode":false,"pivot":{"x":-0.001999974250793457,"y":1.248000144958496,"z":15.226668357849121},"rotation":{"x":-0.27413618564605715,"y":0.6889955997467041,"z":-0.3204265236854553,"w":-0.589460015296936},"size":16.61927032470703,"orthographic":false}