{"cameraMode":{"drawMode":0,"name":"Shaded","section":"Shading Mode"},"sceneLighting":false,"audioPlay":false,"sceneViewState":{"showFog":true,"showMaterialUpdate":false,"showSkybox":false,"showFlares":true,"showImageEffects":true,"showParticleSystems":true},"in2DMode":false,"pivot":{"x":-9.319999694824219,"y":1.2000000476837159,"z":-0.12000072002410889},"rotation":{"x":-0.21781335771083833,"y":-0.6944020986557007,"z":0.23455798625946046,"w":-0.6445602178573608},"size":7.3909687995910648,"orthographic":false}