{"cameraMode":{"drawMode":0,"name":"Shaded","section":"Shading Mode"},"sceneLighting":false,"audioPlay":false,"sceneViewState":{"showFog":true,"showMaterialUpdate":false,"showSkybox":false,"showFlares":true,"showImageEffects":true,"showParticleSystems":true},"in2DMode":false,"pivot":{"x":-0.000009059906005859375,"y":1.249999761581421,"z":0.5000002384185791},"rotation":{"x":-0.26794004440307619,"y":0.5594357252120972,"z":-0.19745761156082154,"w":-0.7591204643249512},"size":5.231395721435547,"orthographic":false}