{"cameraMode":{"drawMode":0,"name":"Shaded","section":"Shading Mode"},"sceneLighting":true,"audioPlay":false,"sceneViewState":{"showFog":true,"showMaterialUpdate":false,"showSkybox":true,"showFlares":true,"showImageEffects":true,"showParticleSystems":true},"in2DMode":false,"pivot":{"x":-3.037250518798828,"y":-51.99481201171875,"z":-28.28907012939453},"rotation":{"x":0.09020758420228958,"y":-0.8639117479324341,"z":0.4666924774646759,"w":0.16682036221027375},"size":39.84518051147461,"orthographic":false}