{"cameraMode":{"drawMode":0,"name":"Shaded","section":"Shading Mode"},"sceneLighting":true,"audioPlay":false,"sceneViewState":{"showFog":true,"showMaterialUpdate":false,"showSkybox":true,"showFlares":true,"showImageEffects":true,"showParticleSystems":true},"in2DMode":false,"pivot":{"x":18.30988883972168,"y":-5.355264186859131,"z":-25.465187072753908},"rotation":{"x":-0.04635436832904816,"y":-0.9454748034477234,"z":0.15481111407279969,"w":-0.28286415338516238},"size":12.779784202575684,"orthographic":false}